{
    "1": {
        "nearest_N": [
            38,
            52,
            70,
            109,
            125
        ]
    },
    "2": {
        "nearest_N": [
            24,
            72,
            232,
            236,
            282
        ]
    },
    "3": {
        "nearest_N": [
            9,
            36,
            66,
            184,
            215
        ]
    },
    "4": {
        "nearest_N": [
            5,
            7,
            53,
            67,
            123
        ]
    },
    "5": {
        "nearest_N": [
            4,
            7,
            53,
            67,
            123
        ]
    },
    "6": {
        "nearest_N": [
            12,
            54,
            68,
            94,
            104
        ]
    },
    "7": {
        "nearest_N": [
            4,
            5,
            53,
            67,
            123
        ]
    },
    "8": {
        "nearest_N": [
            91,
            37,
            64,
            116,
            229
        ]
    },
    "9": {
        "nearest_N": [
            3,
            36,
            66,
            184,
            215
        ]
    },
    "10": {
        "nearest_N": [
            61,
            88,
            207,
            214,
            246
        ]
    },
    "11": {
        "nearest_N": [
            75,
            147,
            151,
            174,
            243
        ]
    },
    "12": {
        "nearest_N": [
            6,
            54,
            68,
            94,
            104
        ]
    },
    "13": {
        "nearest_N": [
            50,
            65,
            86,
            113,
            152
        ]
    },
    "14": {
        "nearest_N": [
            76,
            176,
            192,
            210,
            248
        ]
    },
    "15": {
        "nearest_N": [
            51,
            99,
            164,
            194,
            230
        ]
    },
    "16": {
        "nearest_N": [
            21,
            22,
            40,
            60,
            71
        ]
    },
    "17": {
        "nearest_N": [
            44,
            58,
            90,
            105,
            115
        ]
    },
    "18": {
        "nearest_N": [
            35,
            80,
            28,
            43,
            165
        ]
    },
    "19": {
        "nearest_N": [
            34,
            253,
            306,
            23,
            48
        ]
    },
    "20": {
        "nearest_N": [
            49,
            79,
            87,
            168,
            196
        ]
    },
    "21": {
        "nearest_N": [
            16,
            22,
            40,
            60,
            71
        ]
    },
    "22": {
        "nearest_N": [
            16,
            21,
            40,
            60,
            71
        ]
    },
    "23": {
        "nearest_N": [
            100,
            112,
            179,
            220,
            292
        ]
    },
    "24": {
        "nearest_N": [
            2,
            72,
            232,
            236,
            282
        ]
    },
    "25": {
        "nearest_N": [
            189,
            77,
            255,
            4,
            5
        ]
    },
    "26": {
        "nearest_N": [
            69,
            127,
            178,
            16,
            21
        ]
    },
    "27": {
        "nearest_N": [
            57,
            74,
            167,
            270,
            273
        ]
    },
    "28": {
        "nearest_N": [
            213,
            18,
            27,
            35,
            37
        ]
    },
    "29": {
        "nearest_N": [
            95,
            16,
            21,
            22,
            40
        ]
    },
    "30": {
        "nearest_N": [
            281,
            283,
            27,
            48,
            57
        ]
    },
    "31": {
        "nearest_N": [
            59,
            103,
            107,
            120,
            158
        ]
    },
    "32": {
        "nearest_N": [
            221,
            16,
            21,
            22,
            40
        ]
    },
    "33": {
        "nearest_N": [
            218,
            234,
            26,
            177,
            181
        ]
    },
    "34": {
        "nearest_N": [
            19,
            253,
            306,
            23,
            48
        ]
    },
    "35": {
        "nearest_N": [
            18,
            80,
            28,
            43,
            165
        ]
    },
    "36": {
        "nearest_N": [
            3,
            9,
            66,
            184,
            215
        ]
    },
    "37": {
        "nearest_N": [
            2,
            8,
            24,
            28,
            72
        ]
    },
    "38": {
        "nearest_N": [
            1,
            52,
            70,
            109,
            125
        ]
    },
    "39": {
        "nearest_N": [
            201,
            10,
            31,
            47,
            59
        ]
    },
    "40": {
        "nearest_N": [
            16,
            21,
            22,
            60,
            71
        ]
    },
    "41": {
        "nearest_N": [
            268,
            49,
            87,
            89,
            93
        ]
    },
    "42": {
        "nearest_N": [
            287,
            3,
            9,
            36,
            46
        ]
    },
    "43": {
        "nearest_N": [
            235,
            18,
            27,
            35,
            57
        ]
    },
    "44": {
        "nearest_N": [
            17,
            58,
            90,
            105,
            115
        ]
    },
    "45": {
        "nearest_N": [
            55,
            78,
            102,
            159,
            177
        ]
    },
    "46": {
        "nearest_N": [
            140,
            199,
            222,
            251,
            1
        ]
    },
    "47": {
        "nearest_N": [
            73,
            83,
            92,
            191,
            205
        ]
    },
    "48": {
        "nearest_N": [
            19,
            30,
            34,
            82,
            97
        ]
    },
    "49": {
        "nearest_N": [
            87,
            217,
            231,
            239,
            1
        ]
    },
    "50": {
        "nearest_N": [
            65,
            6,
            12,
            13,
            54
        ]
    },
    "51": {
        "nearest_N": [
            15,
            99,
            164,
            194,
            230
        ]
    },
    "52": {
        "nearest_N": [
            1,
            38,
            70,
            109,
            125
        ]
    },
    "53": {
        "nearest_N": [
            4,
            5,
            7,
            67,
            123
        ]
    },
    "54": {
        "nearest_N": [
            6,
            12,
            68,
            94,
            104
        ]
    },
    "55": {
        "nearest_N": [
            183,
            45,
            98,
            101,
            119
        ]
    },
    "56": {
        "nearest_N": [
            47,
            73,
            78,
            83,
            92
        ]
    },
    "57": {
        "nearest_N": [
            27,
            74,
            167,
            270,
            273
        ]
    },
    "58": {
        "nearest_N": [
            17,
            44,
            90,
            105,
            115
        ]
    },
    "59": {
        "nearest_N": [
            31,
            103,
            107,
            120,
            158
        ]
    },
    "60": {
        "nearest_N": [
            16,
            21,
            22,
            40,
            71
        ]
    },
    "61": {
        "nearest_N": [
            10,
            88,
            207,
            214,
            246
        ]
    },
    "62": {
        "nearest_N": [
            122,
            23,
            42,
            86,
            100
        ]
    },
    "63": {
        "nearest_N": [
            117,
            208,
            242,
            286,
            17
        ]
    },
    "64": {
        "nearest_N": [
            8,
            28,
            82,
            91,
            97
        ]
    },
    "65": {
        "nearest_N": [
            50,
            6,
            12,
            13,
            54
        ]
    },
    "66": {
        "nearest_N": [
            3,
            9,
            36,
            184,
            215
        ]
    },
    "67": {
        "nearest_N": [
            4,
            5,
            7,
            53,
            123
        ]
    },
    "68": {
        "nearest_N": [
            6,
            12,
            54,
            94,
            104
        ]
    },
    "69": {
        "nearest_N": [
            127,
            178,
            16,
            21,
            22
        ]
    },
    "70": {
        "nearest_N": [
            1,
            38,
            52,
            109,
            125
        ]
    },
    "71": {
        "nearest_N": [
            16,
            21,
            22,
            40,
            60
        ]
    },
    "72": {
        "nearest_N": [
            2,
            24,
            232,
            236,
            282
        ]
    },
    "73": {
        "nearest_N": [
            47,
            83,
            92,
            191,
            205
        ]
    },
    "74": {
        "nearest_N": [
            27,
            57,
            167,
            270,
            273
        ]
    },
    "75": {
        "nearest_N": [
            11,
            147,
            151,
            174,
            243
        ]
    },
    "76": {
        "nearest_N": [
            14,
            176,
            192,
            210,
            248
        ]
    },
    "77": {
        "nearest_N": [
            4,
            5,
            7,
            25,
            53
        ]
    },
    "78": {
        "nearest_N": [
            102,
            223,
            6,
            11,
            12
        ]
    },
    "79": {
        "nearest_N": [
            196,
            20,
            42,
            287,
            3
        ]
    },
    "80": {
        "nearest_N": [
            18,
            35,
            28,
            43,
            165
        ]
    },
    "81": {
        "nearest_N": [
            16,
            21,
            22,
            40,
            60
        ]
    },
    "82": {
        "nearest_N": [
            97,
            23,
            27,
            47,
            48
        ]
    },
    "83": {
        "nearest_N": [
            47,
            73,
            92,
            191,
            205
        ]
    },
    "84": {
        "nearest_N": [
            48,
            85,
            116,
            148,
            173
        ]
    },
    "85": {
        "nearest_N": [
            2,
            24,
            30,
            72,
            168
        ]
    },
    "86": {
        "nearest_N": [
            13,
            62,
            93,
            122,
            129
        ]
    },
    "87": {
        "nearest_N": [
            49,
            217,
            231,
            239,
            1
        ]
    },
    "88": {
        "nearest_N": [
            10,
            61,
            207,
            214,
            246
        ]
    },
    "89": {
        "nearest_N": [
            203,
            15,
            41,
            50,
            51
        ]
    },
    "90": {
        "nearest_N": [
            17,
            44,
            58,
            105,
            115
        ]
    },
    "91": {
        "nearest_N": [
            8,
            37,
            64,
            116,
            229
        ]
    },
    "92": {
        "nearest_N": [
            47,
            73,
            83,
            191,
            205
        ]
    },
    "93": {
        "nearest_N": [
            41,
            50,
            65,
            86,
            108
        ]
    },
    "94": {
        "nearest_N": [
            6,
            12,
            54,
            68,
            104
        ]
    },
    "95": {
        "nearest_N": [
            29,
            16,
            21,
            22,
            40
        ]
    },
    "96": {
        "nearest_N": [
            118,
            31,
            59,
            103,
            107
        ]
    },
    "97": {
        "nearest_N": [
            82,
            23,
            27,
            47,
            48
        ]
    },
    "98": {
        "nearest_N": [
            101,
            119,
            257,
            10,
            15
        ]
    },
    "99": {
        "nearest_N": [
            15,
            51,
            164,
            194,
            230
        ]
    },
    "100": {
        "nearest_N": [
            23,
            112,
            179,
            220,
            292
        ]
    },
    "101": {
        "nearest_N": [
            98,
            119,
            257,
            10,
            15
        ]
    },
    "102": {
        "nearest_N": [
            78,
            223,
            6,
            11,
            12
        ]
    },
    "103": {
        "nearest_N": [
            31,
            59,
            107,
            120,
            158
        ]
    },
    "104": {
        "nearest_N": [
            6,
            12,
            54,
            68,
            94
        ]
    },
    "105": {
        "nearest_N": [
            17,
            44,
            58,
            90,
            115
        ]
    },
    "106": {
        "nearest_N": [
            6,
            12,
            54,
            68,
            94
        ]
    },
    "107": {
        "nearest_N": [
            31,
            59,
            103,
            120,
            158
        ]
    },
    "108": {
        "nearest_N": [
            200,
            228,
            279,
            6,
            12
        ]
    },
    "109": {
        "nearest_N": [
            1,
            38,
            52,
            70,
            125
        ]
    },
    "110": {
        "nearest_N": [
            32,
            50,
            65,
            159,
            240
        ]
    },
    "111": {
        "nearest_N": [
            16,
            21,
            22,
            40,
            60
        ]
    },
    "112": {
        "nearest_N": [
            23,
            100,
            179,
            220,
            292
        ]
    },
    "113": {
        "nearest_N": [
            152,
            295,
            13,
            69,
            121
        ]
    },
    "114": {
        "nearest_N": [
            62,
            122,
            138,
            188,
            23
        ]
    },
    "115": {
        "nearest_N": [
            17,
            44,
            58,
            90,
            105
        ]
    },
    "116": {
        "nearest_N": [
            229,
            2,
            8,
            24,
            39
        ]
    },
    "117": {
        "nearest_N": [
            63,
            208,
            242,
            286,
            17
        ]
    },
    "118": {
        "nearest_N": [
            96,
            31,
            59,
            103,
            107
        ]
    },
    "119": {
        "nearest_N": [
            98,
            101,
            257,
            10,
            15
        ]
    },
    "120": {
        "nearest_N": [
            31,
            59,
            103,
            107,
            158
        ]
    },
    "121": {
        "nearest_N": [
            131,
            47,
            73,
            83,
            92
        ]
    },
    "122": {
        "nearest_N": [
            62,
            23,
            42,
            86,
            100
        ]
    },
    "123": {
        "nearest_N": [
            4,
            5,
            7,
            53,
            67
        ]
    },
    "124": {
        "nearest_N": [
            16,
            21,
            22,
            40,
            60
        ]
    },
    "125": {
        "nearest_N": [
            1,
            38,
            52,
            70,
            109
        ]
    },
    "126": {
        "nearest_N": [
            17,
            43,
            44,
            58,
            90
        ]
    },
    "127": {
        "nearest_N": [
            69,
            178,
            16,
            21,
            22
        ]
    },
    "128": {
        "nearest_N": [
            16,
            21,
            22,
            40,
            60
        ]
    },
    "129": {
        "nearest_N": [
            209,
            219,
            23,
            86,
            100
        ]
    },
    "130": {
        "nearest_N": [
            6,
            12,
            54,
            68,
            94
        ]
    },
    "131": {
        "nearest_N": [
            121,
            47,
            73,
            83,
            92
        ]
    },
    "132": {
        "nearest_N": [
            1,
            38,
            52,
            70,
            109
        ]
    },
    "133": {
        "nearest_N": [
            16,
            21,
            22,
            40,
            60
        ]
    },
    "134": {
        "nearest_N": [
            14,
            43,
            76,
            93,
            135
        ]
    },
    "135": {
        "nearest_N": [
            41,
            134,
            247,
            268,
            2
        ]
    },
    "136": {
        "nearest_N": [
            17,
            44,
            58,
            90,
            105
        ]
    },
    "137": {
        "nearest_N": [
            17,
            44,
            58,
            90,
            105
        ]
    },
    "138": {
        "nearest_N": [
            188,
            114,
            181,
            240,
            300
        ]
    },
    "139": {
        "nearest_N": [
            16,
            21,
            22,
            40,
            60
        ]
    },
    "140": {
        "nearest_N": [
            46,
            199,
            222,
            251,
            1
        ]
    },
    "141": {
        "nearest_N": [
            16,
            21,
            22,
            40,
            60
        ]
    },
    "142": {
        "nearest_N": [
            17,
            44,
            58,
            90,
            105
        ]
    },
    "143": {
        "nearest_N": [
            1,
            38,
            52,
            70,
            109
        ]
    },
    "144": {
        "nearest_N": [
            47,
            64,
            73,
            83,
            92
        ]
    },
    "145": {
        "nearest_N": [
            17,
            44,
            58,
            90,
            105
        ]
    },
    "146": {
        "nearest_N": [
            1,
            38,
            52,
            70,
            109
        ]
    },
    "147": {
        "nearest_N": [
            11,
            75,
            151,
            174,
            243
        ]
    },
    "148": {
        "nearest_N": [
            19,
            34,
            129,
            209,
            219
        ]
    },
    "149": {
        "nearest_N": [
            1,
            37,
            38,
            52,
            70
        ]
    },
    "150": {
        "nearest_N": [
            6,
            12,
            54,
            68,
            94
        ]
    },
    "151": {
        "nearest_N": [
            11,
            75,
            147,
            174,
            243
        ]
    },
    "152": {
        "nearest_N": [
            113,
            295,
            13,
            69,
            121
        ]
    },
    "153": {
        "nearest_N": [
            16,
            21,
            22,
            40,
            60
        ]
    },
    "154": {
        "nearest_N": [
            16,
            21,
            22,
            40,
            60
        ]
    },
    "155": {
        "nearest_N": [
            17,
            44,
            58,
            90,
            105
        ]
    },
    "156": {
        "nearest_N": [
            4,
            5,
            7,
            53,
            67
        ]
    },
    "157": {
        "nearest_N": [
            1,
            38,
            52,
            70,
            109
        ]
    },
    "158": {
        "nearest_N": [
            31,
            59,
            103,
            107,
            120
        ]
    },
    "159": {
        "nearest_N": [
            45,
            32,
            50,
            55,
            65
        ]
    },
    "160": {
        "nearest_N": [
            6,
            12,
            54,
            68,
            94
        ]
    },
    "161": {
        "nearest_N": [
            1,
            38,
            52,
            70,
            109
        ]
    },
    "162": {
        "nearest_N": [
            1,
            38,
            52,
            70,
            109
        ]
    },
    "163": {
        "nearest_N": [
            16,
            21,
            22,
            40,
            60
        ]
    },
    "164": {
        "nearest_N": [
            15,
            51,
            99,
            194,
            230
        ]
    },
    "165": {
        "nearest_N": [
            18,
            35,
            64,
            80,
            290
        ]
    },
    "166": {
        "nearest_N": [
            144,
            47,
            48,
            64,
            73
        ]
    },
    "167": {
        "nearest_N": [
            27,
            57,
            74,
            270,
            273
        ]
    },
    "168": {
        "nearest_N": [
            245,
            1,
            20,
            38,
            52
        ]
    },
    "169": {
        "nearest_N": [
            17,
            44,
            58,
            90,
            105
        ]
    },
    "170": {
        "nearest_N": [
            6,
            12,
            54,
            68,
            94
        ]
    },
    "171": {
        "nearest_N": [
            1,
            38,
            52,
            70,
            109
        ]
    },
    "172": {
        "nearest_N": [
            17,
            44,
            58,
            90,
            105
        ]
    },
    "173": {
        "nearest_N": [
            168,
            245,
            1,
            20,
            32
        ]
    },
    "174": {
        "nearest_N": [
            11,
            75,
            147,
            151,
            243
        ]
    },
    "175": {
        "nearest_N": [
            17,
            28,
            29,
            44,
            58
        ]
    },
    "176": {
        "nearest_N": [
            14,
            76,
            192,
            210,
            248
        ]
    },
    "177": {
        "nearest_N": [
            45,
            56,
            218,
            234,
            33
        ]
    },
    "178": {
        "nearest_N": [
            69,
            127,
            16,
            21,
            22
        ]
    },
    "179": {
        "nearest_N": [
            23,
            100,
            112,
            220,
            292
        ]
    },
    "180": {
        "nearest_N": [
            4,
            5,
            7,
            53,
            67
        ]
    },
    "181": {
        "nearest_N": [
            300,
            3,
            6,
            9,
            12
        ]
    },
    "182": {
        "nearest_N": [
            4,
            5,
            7,
            53,
            67
        ]
    },
    "183": {
        "nearest_N": [
            55,
            45,
            98,
            101,
            119
        ]
    },
    "184": {
        "nearest_N": [
            3,
            9,
            36,
            66,
            215
        ]
    },
    "185": {
        "nearest_N": [
            274,
            31,
            59,
            77,
            103
        ]
    },
    "186": {
        "nearest_N": [
            16,
            21,
            22,
            40,
            60
        ]
    },
    "187": {
        "nearest_N": [
            16,
            21,
            22,
            40,
            60
        ]
    },
    "188": {
        "nearest_N": [
            138,
            114,
            181,
            240,
            300
        ]
    },
    "189": {
        "nearest_N": [
            25,
            77,
            255,
            4,
            5
        ]
    },
    "190": {
        "nearest_N": [
            31,
            59,
            103,
            107,
            120
        ]
    },
    "191": {
        "nearest_N": [
            47,
            73,
            83,
            92,
            205
        ]
    },
    "192": {
        "nearest_N": [
            14,
            76,
            176,
            210,
            248
        ]
    },
    "193": {
        "nearest_N": [
            4,
            5,
            7,
            53,
            67
        ]
    },
    "194": {
        "nearest_N": [
            15,
            51,
            99,
            164,
            230
        ]
    },
    "195": {
        "nearest_N": [
            55,
            84,
            159,
            177,
            183
        ]
    },
    "196": {
        "nearest_N": [
            79,
            20,
            42,
            287,
            3
        ]
    },
    "197": {
        "nearest_N": [
            17,
            44,
            58,
            90,
            105
        ]
    },
    "198": {
        "nearest_N": [
            17,
            44,
            58,
            90,
            105
        ]
    },
    "199": {
        "nearest_N": [
            46,
            140,
            222,
            251,
            1
        ]
    },
    "200": {
        "nearest_N": [
            108,
            228,
            279,
            6,
            12
        ]
    },
    "201": {
        "nearest_N": [
            39,
            10,
            31,
            47,
            59
        ]
    },
    "202": {
        "nearest_N": [
            17,
            44,
            58,
            90,
            105
        ]
    },
    "203": {
        "nearest_N": [
            89,
            15,
            41,
            50,
            51
        ]
    },
    "204": {
        "nearest_N": [
            16,
            21,
            22,
            40,
            60
        ]
    },
    "205": {
        "nearest_N": [
            47,
            73,
            83,
            92,
            191
        ]
    },
    "206": {
        "nearest_N": [
            31,
            59,
            103,
            107,
            120
        ]
    },
    "207": {
        "nearest_N": [
            10,
            61,
            88,
            214,
            246
        ]
    },
    "208": {
        "nearest_N": [
            63,
            117,
            242,
            286,
            17
        ]
    },
    "209": {
        "nearest_N": [
            129,
            219,
            23,
            86,
            100
        ]
    },
    "210": {
        "nearest_N": [
            14,
            76,
            176,
            192,
            248
        ]
    },
    "211": {
        "nearest_N": [
            16,
            21,
            22,
            40,
            60
        ]
    },
    "212": {
        "nearest_N": [
            16,
            21,
            22,
            40,
            60
        ]
    },
    "213": {
        "nearest_N": [
            28,
            18,
            27,
            35,
            37
        ]
    },
    "214": {
        "nearest_N": [
            10,
            61,
            88,
            207,
            246
        ]
    },
    "215": {
        "nearest_N": [
            3,
            9,
            36,
            66,
            184
        ]
    },
    "216": {
        "nearest_N": [
            4,
            5,
            7,
            53,
            67
        ]
    },
    "217": {
        "nearest_N": [
            49,
            87,
            231,
            239,
            1
        ]
    },
    "218": {
        "nearest_N": [
            234,
            33,
            177,
            181,
            294
        ]
    },
    "219": {
        "nearest_N": [
            129,
            209,
            23,
            86,
            100
        ]
    },
    "220": {
        "nearest_N": [
            23,
            100,
            112,
            179,
            292
        ]
    },
    "221": {
        "nearest_N": [
            16,
            21,
            22,
            32,
            40
        ]
    },
    "222": {
        "nearest_N": [
            46,
            140,
            199,
            251,
            1
        ]
    },
    "223": {
        "nearest_N": [
            78,
            102,
            6,
            11,
            12
        ]
    },
    "224": {
        "nearest_N": [
            4,
            5,
            7,
            53,
            67
        ]
    },
    "225": {
        "nearest_N": [
            16,
            21,
            22,
            40,
            60
        ]
    },
    "226": {
        "nearest_N": [
            6,
            12,
            54,
            68,
            94
        ]
    },
    "227": {
        "nearest_N": [
            17,
            44,
            58,
            90,
            105
        ]
    },
    "228": {
        "nearest_N": [
            108,
            200,
            279,
            6,
            12
        ]
    },
    "229": {
        "nearest_N": [
            116,
            2,
            8,
            24,
            39
        ]
    },
    "230": {
        "nearest_N": [
            15,
            51,
            99,
            164,
            194
        ]
    },
    "231": {
        "nearest_N": [
            49,
            87,
            217,
            239,
            1
        ]
    },
    "232": {
        "nearest_N": [
            2,
            24,
            72,
            236,
            282
        ]
    },
    "233": {
        "nearest_N": [
            16,
            21,
            22,
            40,
            60
        ]
    },
    "234": {
        "nearest_N": [
            218,
            33,
            177,
            181,
            294
        ]
    },
    "235": {
        "nearest_N": [
            43,
            18,
            27,
            35,
            57
        ]
    },
    "236": {
        "nearest_N": [
            2,
            24,
            72,
            232,
            282
        ]
    },
    "237": {
        "nearest_N": [
            16,
            21,
            22,
            40,
            60
        ]
    },
    "238": {
        "nearest_N": [
            4,
            5,
            7,
            53,
            67
        ]
    },
    "239": {
        "nearest_N": [
            49,
            87,
            217,
            231,
            1
        ]
    },
    "240": {
        "nearest_N": [
            6,
            12,
            29,
            54,
            68
        ]
    },
    "241": {
        "nearest_N": [
            17,
            44,
            58,
            90,
            105
        ]
    },
    "242": {
        "nearest_N": [
            63,
            117,
            208,
            286,
            17
        ]
    },
    "243": {
        "nearest_N": [
            11,
            75,
            147,
            151,
            174
        ]
    },
    "244": {
        "nearest_N": [
            11,
            75,
            147,
            151,
            174
        ]
    },
    "245": {
        "nearest_N": [
            168,
            1,
            20,
            38,
            52
        ]
    },
    "246": {
        "nearest_N": [
            10,
            61,
            88,
            207,
            214
        ]
    },
    "247": {
        "nearest_N": [
            2,
            14,
            24,
            49,
            72
        ]
    },
    "248": {
        "nearest_N": [
            14,
            76,
            176,
            192,
            210
        ]
    },
    "249": {
        "nearest_N": [
            16,
            21,
            22,
            40,
            60
        ]
    },
    "250": {
        "nearest_N": [
            10,
            61,
            88,
            207,
            214
        ]
    },
    "251": {
        "nearest_N": [
            46,
            140,
            199,
            222,
            1
        ]
    },
    "252": {
        "nearest_N": [
            3,
            9,
            36,
            39,
            56
        ]
    },
    "253": {
        "nearest_N": [
            19,
            34,
            306,
            23,
            48
        ]
    },
    "254": {
        "nearest_N": [
            4,
            5,
            7,
            53,
            67
        ]
    },
    "255": {
        "nearest_N": [
            4,
            5,
            7,
            25,
            29
        ]
    },
    "256": {
        "nearest_N": [
            10,
            61,
            88,
            207,
            214
        ]
    },
    "257": {
        "nearest_N": [
            98,
            101,
            119,
            10,
            15
        ]
    },
    "258": {
        "nearest_N": [
            4,
            5,
            7,
            53,
            67
        ]
    },
    "259": {
        "nearest_N": [
            31,
            59,
            103,
            107,
            120
        ]
    },
    "260": {
        "nearest_N": [
            11,
            30,
            45,
            75,
            147
        ]
    },
    "261": {
        "nearest_N": [
            6,
            12,
            54,
            68,
            94
        ]
    },
    "262": {
        "nearest_N": [
            15,
            51,
            99,
            164,
            194
        ]
    },
    "263": {
        "nearest_N": [
            17,
            44,
            58,
            90,
            105
        ]
    },
    "264": {
        "nearest_N": [
            10,
            61,
            88,
            207,
            214
        ]
    },
    "265": {
        "nearest_N": [
            1,
            38,
            52,
            70,
            109
        ]
    },
    "266": {
        "nearest_N": [
            31,
            59,
            103,
            107,
            120
        ]
    },
    "267": {
        "nearest_N": [
            6,
            12,
            54,
            68,
            94
        ]
    },
    "268": {
        "nearest_N": [
            41,
            49,
            87,
            89,
            93
        ]
    },
    "269": {
        "nearest_N": [
            17,
            44,
            58,
            90,
            105
        ]
    },
    "270": {
        "nearest_N": [
            27,
            57,
            74,
            167,
            273
        ]
    },
    "271": {
        "nearest_N": [
            31,
            59,
            103,
            107,
            120
        ]
    },
    "272": {
        "nearest_N": [
            10,
            61,
            88,
            207,
            214
        ]
    },
    "273": {
        "nearest_N": [
            27,
            57,
            74,
            167,
            270
        ]
    },
    "274": {
        "nearest_N": [
            185,
            31,
            59,
            77,
            103
        ]
    },
    "275": {
        "nearest_N": [
            10,
            61,
            88,
            207,
            214
        ]
    },
    "276": {
        "nearest_N": [
            77,
            238,
            4,
            5,
            7
        ]
    },
    "277": {
        "nearest_N": [
            1,
            38,
            52,
            70,
            109
        ]
    },
    "278": {
        "nearest_N": [
            27,
            57,
            74,
            167,
            270
        ]
    },
    "279": {
        "nearest_N": [
            108,
            200,
            228,
            6,
            12
        ]
    },
    "280": {
        "nearest_N": [
            16,
            21,
            22,
            40,
            60
        ]
    },
    "281": {
        "nearest_N": [
            30,
            283,
            27,
            48,
            57
        ]
    },
    "282": {
        "nearest_N": [
            2,
            24,
            72,
            232,
            236
        ]
    },
    "283": {
        "nearest_N": [
            30,
            281,
            27,
            48,
            57
        ]
    },
    "284": {
        "nearest_N": [
            31,
            59,
            103,
            107,
            120
        ]
    },
    "285": {
        "nearest_N": [
            1,
            38,
            52,
            70,
            109
        ]
    },
    "286": {
        "nearest_N": [
            63,
            117,
            208,
            242,
            17
        ]
    },
    "287": {
        "nearest_N": [
            42,
            3,
            9,
            36,
            46
        ]
    },
    "288": {
        "nearest_N": [
            16,
            21,
            22,
            40,
            60
        ]
    },
    "289": {
        "nearest_N": [
            4,
            5,
            7,
            53,
            67
        ]
    },
    "290": {
        "nearest_N": [
            8,
            91,
            165,
            18,
            35
        ]
    },
    "291": {
        "nearest_N": [
            37,
            247,
            2,
            8,
            14
        ]
    },
    "292": {
        "nearest_N": [
            23,
            100,
            112,
            179,
            220
        ]
    },
    "293": {
        "nearest_N": [
            27,
            57,
            74,
            167,
            270
        ]
    },
    "294": {
        "nearest_N": [
            6,
            12,
            45,
            54,
            68
        ]
    },
    "295": {
        "nearest_N": [
            113,
            152,
            13,
            69,
            121
        ]
    },
    "296": {
        "nearest_N": [
            39,
            201,
            10,
            31,
            47
        ]
    },
    "297": {
        "nearest_N": [
            17,
            44,
            58,
            90,
            105
        ]
    },
    "298": {
        "nearest_N": [
            1,
            38,
            52,
            70,
            109
        ]
    },
    "299": {
        "nearest_N": [
            6,
            12,
            54,
            68,
            94
        ]
    },
    "300": {
        "nearest_N": [
            181,
            3,
            6,
            9,
            12
        ]
    },
    "303": {
        "nearest_N": [
            1,
            38,
            52,
            70,
            109
        ]
    },
    "304": {
        "nearest_N": [
            305,
            307,
            165,
            18,
            33
        ]
    },
    "305": {
        "nearest_N": [
            304,
            307,
            165,
            18,
            33
        ]
    },
    "306": {
        "nearest_N": [
            19,
            34,
            253,
            23,
            48
        ]
    },
    "307": {
        "nearest_N": [
            134,
            159,
            14,
            30,
            43
        ]
    }
}