{
    "1": [
        "3390",
        "16077",
        "17852",
        "23264",
        "28421",
        "30366",
        "42131"
    ],
    "2": [
        "10867",
        "14222",
        "18762",
        "34072",
        "35192"
    ],
    "3": [
        "5672",
        "16077",
        "19037",
        "22430",
        "42131"
    ],
    "4": [
        "8433",
        "14222",
        "17852",
        "37964",
        "42131",
        "44887"
    ],
    "5": [
        "14222",
        "17852",
        "30366",
        "39524",
        "41080"
    ],
    "6": [
        "14222",
        "34072"
    ],
    "7": [
        "19037",
        "26817",
        "44887"
    ],
    "8": [
        "18762",
        "23264",
        "24573",
        "37964",
        "39524"
    ],
    "9": [
        "10867",
        "17064",
        "30366",
        "39524"
    ],
    "10": [
        "17852",
        "26817",
        "42131"
    ],
    "11": [
        "9854",
        "23264",
        "44887"
    ],
    "12": [
        "9854",
        "15985",
        "19037",
        "23264",
        "42131",
        "44887"
    ],
    "13": [
        "3390",
        "8433",
        "23264",
        "24573",
        "34072",
        "37964",
        "44657",
        "44887"
    ],
    "14": [
        "3390",
        "18762",
        "21478",
        "44657",
        "44887"
    ],
    "15": [
        "9854",
        "14222",
        "17064",
        "18762",
        "30366",
        "44657"
    ],
    "16": [
        "3390",
        "9854",
        "19037",
        "22430",
        "28421",
        "30366"
    ],
    "17": [
        "5672",
        "7255",
        "15985",
        "26817",
        "30366"
    ],
    "18": [
        "5672",
        "8433",
        "15985",
        "19037",
        "21478",
        "35192",
        "42131"
    ],
    "19": [
        "5672",
        "7255",
        "9854",
        "22430",
        "28421",
        "34072",
        "39524",
        "41080",
        "44657"
    ],
    "20": [
        "16077",
        "26817",
        "34072",
        "37964",
        "42131",
        "44657"
    ],
    "21": [
        "21478",
        "22430",
        "37964",
        "39524",
        "42131",
        "44657"
    ],
    "22": [
        "1599",
        "8433",
        "17064",
        "19037",
        "37964",
        "44887"
    ],
    "23": [
        "1599",
        "7255",
        "16077",
        "21478",
        "22430",
        "24573",
        "26817",
        "28421",
        "39524",
        "44657",
        "45672"
    ],
    "24": [
        "3390",
        "10867",
        "26817",
        "30366",
        "37964",
        "42131",
        "45672"
    ],
    "25": [
        "16077",
        "17852",
        "19037",
        "30366"
    ],
    "26": [
        "10867",
        "14222",
        "16077",
        "23264",
        "30366",
        "35192",
        "39524",
        "42131",
        "44657"
    ],
    "27": [
        "7255",
        "19037",
        "28421",
        "34072",
        "44657"
    ],
    "28": [
        "3390",
        "17064",
        "17852",
        "19037",
        "24573",
        "28421",
        "37964",
        "42131"
    ],
    "29": [
        "1599",
        "5672",
        "10867",
        "14222",
        "15985",
        "17852",
        "21478",
        "42131"
    ],
    "30": [
        "14222",
        "16077",
        "19037",
        "44657"
    ],
    "31": [
        "5672",
        "8433",
        "17064",
        "17852",
        "28421",
        "44657"
    ],
    "32": [
        "3390",
        "17064",
        "23264",
        "24573",
        "26817",
        "39524",
        "41080"
    ],
    "33": [
        "17852",
        "19037",
        "23264",
        "39524",
        "42131"
    ],
    "34": [
        "3390",
        "18762"
    ],
    "35": [
        "17852",
        "21478",
        "28421",
        "42131"
    ],
    "36": [
        "9854",
        "14222",
        "34072",
        "39524"
    ],
    "37": [
        "3390",
        "7255",
        "17064",
        "41080"
    ],
    "38": [
        "15985",
        "19037",
        "23264",
        "41080"
    ],
    "39": [
        "15985",
        "24573"
    ],
    "40": [
        "3390",
        "8433",
        "16077",
        "23264",
        "26817",
        "28421",
        "30366",
        "34072"
    ],
    "41": [
        "9854",
        "15985",
        "24573",
        "26817",
        "35192",
        "39524"
    ],
    "42": [
        "5672",
        "28421",
        "39524"
    ],
    "43": [
        "1599",
        "3390",
        "7255",
        "8433",
        "16077"
    ],
    "44": [
        "9854",
        "22430",
        "24573",
        "30366",
        "34072",
        "37964"
    ],
    "45": [
        "1599",
        "9854",
        "18762",
        "22430",
        "28421",
        "34072",
        "35192",
        "39524",
        "44657"
    ],
    "46": [
        "14222",
        "16077",
        "22430",
        "28421",
        "41080",
        "42131"
    ],
    "47": [
        "9854",
        "17852",
        "18762",
        "22430",
        "23264",
        "34072",
        "41080"
    ],
    "48": [
        "5672",
        "8433",
        "24573",
        "30366",
        "41080",
        "44887"
    ],
    "49": [
        "3390",
        "7255",
        "8433",
        "9854",
        "26817",
        "30366",
        "35192",
        "42131"
    ],
    "50": [
        "1599",
        "7255",
        "10867",
        "15985",
        "16077",
        "19037",
        "34072",
        "35192",
        "44887"
    ],
    "51": [
        "1599",
        "5672",
        "9854",
        "15985",
        "30366"
    ],
    "52": [
        "24573",
        "28421",
        "30366",
        "34072",
        "45672"
    ],
    "53": [
        "3390",
        "10867",
        "15985",
        "16077",
        "23264",
        "34072",
        "41080",
        "42131",
        "44657"
    ],
    "54": [
        "3390",
        "5672",
        "18762",
        "26817",
        "37964"
    ],
    "55": [
        "7255",
        "10867",
        "14222",
        "22430",
        "28421",
        "34072",
        "42131"
    ],
    "56": [
        "16077",
        "17064",
        "39524"
    ],
    "57": [
        "10867",
        "21478",
        "26817",
        "28421",
        "34072",
        "39524",
        "41080"
    ],
    "58": [
        "5672",
        "8433",
        "9854",
        "22430"
    ],
    "59": [
        "1599",
        "8433",
        "16077",
        "21478",
        "23264",
        "30366",
        "42131",
        "45672"
    ],
    "60": [
        "16077",
        "24573",
        "34072"
    ],
    "61": [
        "7255",
        "21478",
        "34072",
        "35192",
        "37964",
        "45672"
    ],
    "62": [
        "5672",
        "16077",
        "41080"
    ],
    "63": [
        "10867",
        "18762",
        "22430",
        "23264",
        "35192",
        "37964",
        "42131"
    ],
    "64": [
        "10867",
        "17064",
        "22430",
        "28421",
        "30366",
        "41080",
        "44657"
    ],
    "65": [
        "5672",
        "9854",
        "17064",
        "21478",
        "24573",
        "26817"
    ],
    "66": [
        "1599",
        "5672",
        "19037",
        "23264",
        "34072",
        "41080",
        "44887",
        "45672"
    ],
    "67": [
        "3390",
        "8433",
        "14222",
        "26817",
        "28421",
        "42131"
    ],
    "68": [
        "1599",
        "7255",
        "14222",
        "15985",
        "44887"
    ],
    "69": [
        "10867",
        "16077",
        "17064",
        "21478",
        "24573",
        "34072",
        "42131"
    ],
    "70": [
        "18762",
        "23264",
        "39524",
        "45672"
    ],
    "71": [
        "8433",
        "10867",
        "14222",
        "16077",
        "17064",
        "17852",
        "19037",
        "21478",
        "22430",
        "39524",
        "44657"
    ],
    "72": [
        "9854",
        "22430",
        "26817",
        "34072",
        "41080"
    ],
    "73": [
        "17852",
        "21478",
        "26817",
        "37964"
    ],
    "74": [
        "18762",
        "21478",
        "28421",
        "37964",
        "39524",
        "41080",
        "45672"
    ],
    "75": [
        "3390",
        "15985",
        "17064",
        "26817",
        "30366",
        "35192",
        "42131"
    ],
    "76": [
        "8433",
        "9854",
        "10867",
        "14222",
        "16077",
        "17852",
        "34072",
        "44657",
        "45672"
    ],
    "77": [
        "1599",
        "3390",
        "5672",
        "8433",
        "10867",
        "15985",
        "35192",
        "39524"
    ],
    "78": [
        "5672",
        "17852",
        "28421",
        "34072",
        "41080",
        "42131",
        "44887"
    ],
    "79": [
        "5672",
        "10867",
        "17064",
        "17852",
        "24573",
        "44887"
    ],
    "80": [
        "3390",
        "17064",
        "19037",
        "28421",
        "30366",
        "35192"
    ],
    "81": [
        "1599",
        "3390",
        "5672",
        "10867",
        "15985",
        "34072",
        "45672"
    ],
    "82": [
        "10867",
        "14222",
        "16077",
        "17064",
        "37964",
        "42131",
        "45672"
    ],
    "83": [
        "5672",
        "9854",
        "22430",
        "26817",
        "41080",
        "44887"
    ],
    "84": [
        "3390",
        "7255",
        "9854",
        "10867",
        "15985",
        "17852",
        "18762",
        "23264",
        "24573",
        "42131",
        "44657",
        "44887"
    ],
    "85": [
        "3390",
        "8433",
        "9854",
        "10867",
        "14222",
        "15985",
        "18762",
        "23264",
        "28421",
        "37964"
    ],
    "86": [
        "7255",
        "14222",
        "15985",
        "22430",
        "28421",
        "30366",
        "39524",
        "44887",
        "45672"
    ],
    "87": [
        "3390",
        "5672",
        "9854",
        "14222",
        "15985",
        "17852",
        "37964",
        "44657"
    ],
    "88": [
        "1599",
        "3390",
        "17064",
        "24573",
        "37964",
        "45672"
    ],
    "89": [
        "7255",
        "9854",
        "15985",
        "17064",
        "22430",
        "28421",
        "34072",
        "44887"
    ],
    "90": [
        "7255",
        "9854",
        "14222",
        "16077",
        "21478",
        "22430",
        "24573",
        "41080",
        "45672"
    ],
    "91": [
        "14222",
        "37964",
        "41080",
        "42131",
        "44657"
    ],
    "92": [
        "3390",
        "9854",
        "19037",
        "28421",
        "39524"
    ],
    "93": [
        "1599",
        "8433",
        "21478",
        "34072",
        "44657"
    ],
    "94": [
        "9854",
        "18762",
        "21478",
        "35192",
        "41080"
    ],
    "95": [
        "3390",
        "10867",
        "17064",
        "21478",
        "22430",
        "30366",
        "45672"
    ],
    "96": [
        "7255",
        "10867",
        "16077",
        "17064",
        "17852",
        "18762",
        "23264",
        "28421",
        "30366",
        "34072",
        "41080"
    ],
    "97": [
        "14222",
        "17064",
        "23264",
        "26817",
        "35192",
        "45672"
    ],
    "98": [
        "7255",
        "14222",
        "16077",
        "17064",
        "21478",
        "39524"
    ],
    "99": [
        "5672",
        "7255",
        "8433",
        "10867",
        "17852",
        "35192",
        "39524",
        "41080",
        "42131",
        "45672"
    ],
    "100": [
        "5672",
        "9854",
        "17064",
        "19037",
        "22430",
        "24573",
        "30366",
        "41080",
        "42131",
        "44887"
    ],
    "101": [
        "5672",
        "17852",
        "23264",
        "30366",
        "39524",
        "45672"
    ],
    "102": [
        "1599",
        "5672",
        "9854",
        "16077",
        "17852",
        "30366",
        "42131"
    ],
    "103": [
        "5672",
        "7255",
        "8433",
        "42131"
    ],
    "104": [
        "14222",
        "15985",
        "16077",
        "17852",
        "21478",
        "22430",
        "23264",
        "24573",
        "30366",
        "37964",
        "41080",
        "44887",
        "45672"
    ],
    "105": [
        "19037"
    ],
    "106": [
        "7255",
        "18762",
        "19037",
        "23264",
        "41080"
    ],
    "107": [
        "1599",
        "10867",
        "24573",
        "39524",
        "42131"
    ],
    "108": [
        "9854",
        "22430",
        "28421",
        "41080"
    ],
    "109": [
        "5672",
        "15985"
    ],
    "110": [
        "1599",
        "17852",
        "28421"
    ],
    "111": [
        "7255",
        "8433",
        "16077",
        "21478",
        "26817",
        "37964",
        "42131"
    ],
    "112": [
        "5672",
        "15985",
        "16077",
        "28421",
        "42131"
    ],
    "113": [
        "9854",
        "14222",
        "17064",
        "18762",
        "19037",
        "26817",
        "44657"
    ],
    "114": [
        "7255",
        "8433",
        "15985",
        "17064",
        "18762",
        "21478",
        "23264",
        "34072",
        "35192",
        "41080"
    ],
    "115": [
        "5672",
        "7255",
        "8433",
        "14222",
        "15985",
        "26817",
        "35192",
        "37964",
        "39524",
        "44887",
        "45672"
    ],
    "116": [
        "5672",
        "10867",
        "19037",
        "22430",
        "35192"
    ],
    "117": [
        "1599",
        "3390",
        "17852",
        "21478",
        "28421",
        "41080",
        "42131"
    ],
    "118": [
        "16077",
        "30366",
        "34072",
        "35192",
        "37964",
        "39524",
        "44657",
        "44887"
    ],
    "119": [
        "17064",
        "18762",
        "23264",
        "34072",
        "39524",
        "44657",
        "44887"
    ],
    "120": [
        "1599",
        "9854",
        "10867",
        "18762",
        "26817",
        "28421",
        "35192",
        "39524"
    ],
    "121": [
        "5672",
        "17852",
        "22430",
        "39524",
        "41080",
        "44887"
    ],
    "122": [
        "9854",
        "18762",
        "22430",
        "23264",
        "24573",
        "44657"
    ],
    "123": [
        "1599",
        "5672",
        "8433",
        "23264"
    ],
    "124": [
        "3390",
        "10867",
        "16077",
        "18762",
        "35192"
    ],
    "125": [
        "3390",
        "9854",
        "21478",
        "26817",
        "35192",
        "42131",
        "45672"
    ],
    "126": [
        "7255",
        "15985",
        "17852",
        "18762"
    ],
    "127": [
        "16077",
        "17852",
        "22430",
        "24573",
        "28421",
        "30366",
        "34072",
        "44657"
    ],
    "128": [
        "1599",
        "28421",
        "45672"
    ],
    "129": [
        "1599",
        "3390",
        "16077",
        "21478",
        "23264",
        "24573",
        "34072",
        "45672"
    ],
    "130": [
        "26817",
        "34072",
        "39524",
        "44657",
        "45672"
    ],
    "131": [
        "1599",
        "3390",
        "8433",
        "17852",
        "23264",
        "28421",
        "30366",
        "35192",
        "41080"
    ],
    "132": [
        "17852",
        "35192"
    ],
    "133": [
        "16077",
        "45672"
    ],
    "134": [
        "7255",
        "8433",
        "15985",
        "18762",
        "23264",
        "44657",
        "45672"
    ],
    "135": [
        "8433",
        "15985",
        "16077",
        "21478",
        "44887"
    ],
    "136": [
        "21478",
        "34072",
        "35192",
        "45672"
    ],
    "137": [
        "1599",
        "8433",
        "10867",
        "16077",
        "34072",
        "35192",
        "41080"
    ],
    "138": [
        "5672",
        "9854",
        "15985",
        "17064",
        "37964",
        "45672"
    ],
    "139": [
        "9854",
        "18762",
        "30366",
        "35192",
        "44887",
        "45672"
    ],
    "140": [
        "9854",
        "14222",
        "15985",
        "18762",
        "23264",
        "35192",
        "37964",
        "41080"
    ],
    "141": [
        "44887"
    ],
    "142": [
        "8433",
        "14222",
        "28421",
        "37964",
        "39524"
    ],
    "143": [
        "1599",
        "14222",
        "16077",
        "17852",
        "19037",
        "22430",
        "35192",
        "37964",
        "44657"
    ],
    "144": [
        "1599",
        "10867",
        "17064",
        "21478",
        "22430",
        "23264",
        "35192",
        "37964"
    ],
    "145": [
        "26817",
        "28421"
    ],
    "146": [
        "19037",
        "21478",
        "30366",
        "37964",
        "42131"
    ],
    "147": [
        "3390",
        "14222",
        "17852",
        "22430",
        "30366"
    ],
    "148": [
        "8433",
        "21478",
        "34072",
        "37964"
    ],
    "149": [
        "7255",
        "17064",
        "17852",
        "22430",
        "45672"
    ],
    "150": [
        "1599",
        "28421",
        "37964",
        "41080",
        "44657"
    ],
    "151": [
        "3390",
        "8433",
        "16077",
        "28421",
        "42131"
    ],
    "152": [
        "15985",
        "18762",
        "22430",
        "35192",
        "41080",
        "44657"
    ],
    "153": [
        "9854",
        "16077",
        "26817",
        "35192"
    ],
    "154": [
        "3390",
        "5672",
        "23264",
        "44887"
    ],
    "155": [
        "9854",
        "28421",
        "30366"
    ],
    "156": [
        "1599",
        "9854",
        "10867",
        "21478",
        "22430"
    ],
    "157": [
        "3390",
        "10867",
        "17064",
        "30366",
        "45672"
    ],
    "158": [
        "16077",
        "19037",
        "24573",
        "35192",
        "37964",
        "42131"
    ],
    "159": [
        "1599",
        "5672",
        "22430",
        "23264",
        "30366",
        "39524"
    ],
    "160": [
        "15985",
        "17852",
        "21478",
        "23264",
        "26817",
        "37964",
        "44887"
    ],
    "161": [
        "5672",
        "8433",
        "21478",
        "28421",
        "41080"
    ],
    "162": [
        "5672",
        "17064",
        "18762",
        "21478",
        "24573",
        "26817",
        "34072",
        "35192"
    ],
    "163": [
        "10867",
        "14222",
        "26817",
        "42131",
        "45672"
    ],
    "164": [
        "8433",
        "15985",
        "18762",
        "34072",
        "39524",
        "44657"
    ],
    "165": [
        "3390",
        "8433",
        "16077",
        "17852",
        "30366",
        "37964",
        "44887"
    ],
    "166": [
        "7255",
        "17064",
        "21478",
        "24573",
        "28421",
        "34072",
        "35192"
    ],
    "167": [
        "10867",
        "21478",
        "44657",
        "45672"
    ],
    "168": [
        "10867",
        "44657"
    ],
    "169": [
        "8433",
        "9854",
        "19037",
        "22430",
        "24573",
        "28421",
        "44657"
    ],
    "170": [
        "3390",
        "5672",
        "9854",
        "10867"
    ],
    "171": [
        "16077",
        "17064",
        "17852",
        "22430",
        "26817",
        "42131",
        "45672"
    ],
    "172": [
        "3390",
        "5672",
        "7255",
        "44657"
    ],
    "173": [
        "5672",
        "14222",
        "34072",
        "44887"
    ],
    "174": [
        "10867",
        "17852",
        "23264",
        "39524",
        "44887"
    ],
    "175": [
        "5672",
        "7255",
        "8433",
        "10867",
        "17852",
        "26817",
        "30366",
        "41080",
        "44657",
        "45672"
    ],
    "176": [
        "5672",
        "10867",
        "15985"
    ],
    "177": [
        "3390",
        "10867",
        "24573",
        "34072"
    ],
    "178": [
        "1599",
        "5672",
        "9854",
        "19037",
        "21478",
        "30366"
    ],
    "179": [
        "8433",
        "16077",
        "18762",
        "23264",
        "24573",
        "35192",
        "41080"
    ],
    "180": [
        "14222",
        "15985",
        "16077",
        "19037",
        "41080"
    ],
    "181": [
        "1599",
        "15985",
        "16077",
        "19037",
        "26817",
        "34072",
        "39524",
        "44887"
    ],
    "182": [
        "7255",
        "9854",
        "14222",
        "17064",
        "28421",
        "44657",
        "45672"
    ],
    "183": [
        "9854",
        "15985",
        "22430",
        "37964",
        "44657",
        "45672"
    ],
    "184": [
        "9854",
        "18762",
        "23264",
        "26817",
        "34072",
        "41080",
        "45672"
    ],
    "185": [
        "7255",
        "15985",
        "26817",
        "41080",
        "42131"
    ],
    "186": [
        "3390",
        "8433",
        "14222",
        "16077",
        "17064",
        "30366",
        "34072",
        "35192",
        "39524",
        "45672"
    ],
    "187": [
        "3390",
        "18762",
        "21478",
        "22430",
        "35192",
        "41080",
        "44657"
    ],
    "188": [
        "8433",
        "22430",
        "28421",
        "37964",
        "45672"
    ],
    "189": [
        "9854",
        "16077",
        "17064",
        "18762",
        "19037",
        "24573",
        "28421",
        "30366",
        "39524",
        "41080",
        "42131"
    ],
    "190": [
        "7255",
        "16077",
        "17852",
        "22430",
        "28421",
        "34072"
    ],
    "191": [
        "9854",
        "15985",
        "17064",
        "21478",
        "23264",
        "39524"
    ],
    "192": [
        "3390",
        "8433",
        "10867",
        "15985",
        "17064",
        "18762",
        "21478",
        "34072",
        "42131"
    ],
    "193": [
        "1599",
        "9854",
        "15985",
        "16077",
        "21478",
        "26817",
        "28421",
        "30366",
        "35192",
        "44657",
        "45672"
    ],
    "194": [
        "35192"
    ],
    "195": [
        "5672",
        "10867",
        "17852",
        "24573"
    ],
    "196": [
        "9854",
        "14222",
        "17064",
        "19037",
        "24573",
        "28421",
        "42131"
    ],
    "197": [
        "5672",
        "15985",
        "18762"
    ],
    "198": [
        "10867",
        "16077",
        "19037",
        "22430",
        "34072",
        "45672"
    ],
    "199": [
        "1599",
        "17852",
        "18762"
    ],
    "200": [
        "5672",
        "7255",
        "15985",
        "21478",
        "24573",
        "30366",
        "37964",
        "42131",
        "44657"
    ],
    "201": [
        "1599",
        "21478",
        "22430",
        "28421"
    ],
    "202": [
        "7255",
        "9854",
        "17852",
        "21478",
        "44657"
    ],
    "203": [
        "1599",
        "15985",
        "17852",
        "18762",
        "24573",
        "28421",
        "30366",
        "41080",
        "42131"
    ],
    "204": [
        "10867",
        "15985",
        "16077",
        "17064",
        "17852",
        "26817",
        "35192",
        "45672"
    ],
    "205": [
        "5672",
        "8433",
        "15985",
        "22430",
        "23264",
        "34072",
        "35192",
        "39524",
        "41080"
    ],
    "206": [
        "5672",
        "9854",
        "17064",
        "37964"
    ],
    "207": [
        "14222",
        "16077",
        "17852",
        "18762",
        "30366"
    ],
    "208": [
        "1599",
        "3390",
        "5672",
        "8433",
        "16077",
        "17064",
        "18762",
        "19037",
        "24573",
        "34072",
        "41080"
    ],
    "209": [
        "18762",
        "23264",
        "26817",
        "34072"
    ],
    "210": [
        "15985",
        "19037",
        "24573",
        "37964",
        "41080",
        "44887"
    ],
    "211": [
        "14222",
        "17064",
        "23264",
        "34072"
    ],
    "212": [
        "9854",
        "17064",
        "17852",
        "18762",
        "21478",
        "24573",
        "30366",
        "35192",
        "37964",
        "44887"
    ],
    "213": [
        "5672",
        "7255",
        "18762",
        "35192",
        "37964",
        "41080",
        "42131"
    ],
    "214": [
        "1599",
        "5672",
        "9854",
        "15985",
        "17064",
        "21478",
        "24573",
        "28421",
        "37964",
        "45672"
    ],
    "215": [
        "8433",
        "17064",
        "18762",
        "26817",
        "28421",
        "30366",
        "42131"
    ],
    "216": [
        "7255",
        "23264",
        "28421"
    ],
    "217": [
        "8433",
        "22430",
        "30366",
        "35192",
        "39524",
        "42131"
    ],
    "218": [
        "1599",
        "7255",
        "14222",
        "24573",
        "30366",
        "44657",
        "44887"
    ],
    "219": [
        "7255",
        "14222",
        "17852",
        "22430"
    ],
    "220": [
        "1599",
        "10867",
        "24573",
        "26817",
        "28421"
    ],
    "221": [
        "7255",
        "10867",
        "18762",
        "23264",
        "24573",
        "26817",
        "30366",
        "41080",
        "44887"
    ],
    "222": [
        "7255",
        "9854",
        "17852",
        "18762",
        "23264",
        "35192",
        "44887"
    ],
    "223": [
        "8433",
        "24573",
        "34072",
        "35192",
        "42131",
        "44657"
    ],
    "224": [
        "7255",
        "8433",
        "14222",
        "26817",
        "44887"
    ],
    "225": [
        "18762",
        "39524"
    ],
    "226": [
        "16077",
        "18762",
        "21478",
        "44887"
    ],
    "227": [
        "5672",
        "14222",
        "18762",
        "34072",
        "39524"
    ],
    "228": [
        "7255",
        "9854",
        "10867",
        "16077",
        "39524",
        "44887"
    ],
    "229": [
        "1599",
        "10867",
        "16077",
        "18762",
        "24573"
    ],
    "230": [
        "1599",
        "15985",
        "42131",
        "45672"
    ],
    "231": [
        "1599",
        "16077",
        "17064",
        "21478",
        "41080",
        "44887"
    ],
    "232": [
        "14222",
        "41080",
        "44657",
        "44887"
    ],
    "233": [
        "5672",
        "10867",
        "19037",
        "26817",
        "34072",
        "41080",
        "44657",
        "44887"
    ],
    "234": [
        "8433",
        "9854",
        "15985",
        "21478",
        "24573",
        "41080",
        "45672"
    ],
    "235": [
        "9854",
        "16077",
        "22430",
        "23264",
        "24573",
        "34072",
        "41080",
        "44887",
        "45672"
    ],
    "236": [
        "1599",
        "5672",
        "16077",
        "17064",
        "17852",
        "23264",
        "41080",
        "44887",
        "45672"
    ],
    "237": [
        "17852",
        "21478",
        "23264",
        "35192",
        "37964",
        "44657"
    ],
    "238": [
        "22430",
        "24573",
        "26817",
        "42131",
        "44657"
    ],
    "239": [
        "9854",
        "15985",
        "16077",
        "22430",
        "45672"
    ],
    "240": [
        "21478",
        "22430",
        "30366",
        "35192",
        "41080"
    ],
    "241": [
        "17064",
        "41080",
        "44887",
        "45672"
    ],
    "242": [
        "1599",
        "5672",
        "19037",
        "28421",
        "35192",
        "37964",
        "39524",
        "44657"
    ],
    "243": [
        "1599",
        "15985",
        "17852",
        "18762",
        "22430",
        "23264",
        "30366"
    ],
    "244": [
        "3390",
        "7255",
        "8433",
        "14222",
        "22430",
        "26817",
        "37964"
    ],
    "245": [
        "7255",
        "10867",
        "26817",
        "37964",
        "44657",
        "44887"
    ],
    "246": [
        "1599",
        "15985",
        "28421",
        "30366",
        "35192",
        "41080",
        "45672"
    ],
    "247": [
        "30366",
        "34072"
    ],
    "248": [
        "1599",
        "14222",
        "18762",
        "22430",
        "26817",
        "42131",
        "45672"
    ],
    "249": [
        "9854",
        "17064",
        "19037"
    ],
    "250": [
        "1599",
        "16077",
        "21478",
        "44657"
    ],
    "251": [
        "5672",
        "8433",
        "14222",
        "16077",
        "17064",
        "17852",
        "18762",
        "30366",
        "39524",
        "41080",
        "44887"
    ],
    "252": [
        "14222",
        "17852",
        "24573",
        "34072",
        "37964",
        "41080"
    ],
    "253": [
        "14222",
        "23264",
        "41080",
        "42131",
        "44657"
    ],
    "254": [
        "8433",
        "9854",
        "17852",
        "18762",
        "28421",
        "30366",
        "34072",
        "42131"
    ],
    "255": [
        "3390",
        "7255",
        "9854",
        "15985",
        "17064",
        "18762",
        "19037",
        "23264",
        "44657",
        "45672"
    ],
    "256": [
        "3390",
        "7255",
        "17064",
        "39524"
    ],
    "257": [
        "1599",
        "3390",
        "8433",
        "10867",
        "14222",
        "18762",
        "24573",
        "35192",
        "41080",
        "45672"
    ],
    "258": [
        "7255",
        "9854",
        "10867",
        "18762",
        "19037",
        "23264",
        "26817",
        "30366",
        "35192",
        "44657",
        "44887"
    ],
    "259": [
        "3390",
        "5672",
        "17852",
        "21478"
    ],
    "260": [
        "8433",
        "17852",
        "30366",
        "41080"
    ],
    "261": [
        "1599",
        "7255",
        "8433",
        "21478",
        "37964"
    ],
    "262": [
        "1599",
        "8433",
        "19037",
        "21478",
        "22430",
        "30366",
        "39524",
        "42131",
        "45672"
    ],
    "263": [
        "8433",
        "21478",
        "44657"
    ],
    "264": [
        "16077",
        "18762",
        "23264",
        "34072",
        "37964",
        "44657"
    ],
    "265": [
        "1599",
        "14222",
        "15985",
        "21478",
        "26817"
    ],
    "266": [
        "1599",
        "5672",
        "8433",
        "17064",
        "18762",
        "19037",
        "21478",
        "24573",
        "28421",
        "30366"
    ],
    "267": [
        "7255",
        "22430",
        "28421",
        "44887"
    ],
    "268": [
        "1599",
        "5672",
        "8433",
        "9854",
        "17064",
        "22430",
        "34072",
        "35192",
        "37964",
        "42131",
        "44887"
    ],
    "269": [
        "17064",
        "23264",
        "24573",
        "28421"
    ],
    "270": [
        "7255",
        "10867",
        "17852",
        "22430",
        "26817",
        "35192",
        "45672"
    ],
    "271": [
        "8433",
        "15985",
        "26817",
        "35192",
        "39524"
    ],
    "272": [
        "8433",
        "16077",
        "18762",
        "23264",
        "37964",
        "42131",
        "44657"
    ],
    "273": [
        "1599",
        "8433",
        "34072",
        "37964",
        "44657"
    ],
    "274": [
        "1599",
        "3390",
        "10867",
        "19037",
        "21478",
        "34072",
        "35192",
        "44657"
    ],
    "275": [
        "1599",
        "9854",
        "17064",
        "17852",
        "19037",
        "24573",
        "28421"
    ],
    "276": [
        "1599",
        "5672",
        "17852",
        "18762",
        "26817",
        "35192",
        "45672"
    ],
    "277": [
        "5672",
        "7255",
        "14222",
        "15985",
        "17064",
        "19037",
        "26817",
        "37964",
        "45672"
    ],
    "278": [
        "14222",
        "17852",
        "22430",
        "26817",
        "41080"
    ],
    "279": [
        "5672",
        "7255",
        "10867",
        "23264",
        "30366",
        "39524"
    ],
    "280": [
        "15985",
        "19037",
        "23264"
    ],
    "281": [
        "14222",
        "23264",
        "28421",
        "35192",
        "41080"
    ],
    "282": [
        "7255",
        "15985",
        "16077",
        "17064",
        "21478",
        "35192",
        "45672"
    ],
    "283": [
        "1599",
        "5672",
        "8433",
        "9854",
        "18762",
        "24573",
        "28421",
        "35192"
    ],
    "284": [
        "5672",
        "16077",
        "17064",
        "23264",
        "39524",
        "44887"
    ],
    "285": [
        "1599",
        "3390",
        "7255",
        "19037",
        "24573",
        "35192",
        "44887"
    ],
    "286": [
        "10867",
        "17064",
        "37964"
    ],
    "287": [
        "17064",
        "17852",
        "18762",
        "19037"
    ],
    "288": [
        "1599",
        "9854",
        "24573",
        "28421",
        "35192",
        "41080",
        "44657"
    ],
    "289": [
        "3390",
        "7255",
        "9854",
        "15985",
        "41080"
    ],
    "290": [
        "1599",
        "15985",
        "17852",
        "21478",
        "30366",
        "34072",
        "41080",
        "45672"
    ],
    "291": [
        "7255",
        "34072",
        "35192",
        "37964",
        "42131"
    ],
    "292": [
        "7255",
        "37964"
    ],
    "293": [
        "3390",
        "7255",
        "21478",
        "22430",
        "24573",
        "26817",
        "28421",
        "44887",
        "45672"
    ],
    "294": [
        "5672",
        "19037",
        "24573",
        "30366",
        "35192"
    ],
    "295": [
        "5672",
        "8433",
        "15985",
        "18762",
        "24573",
        "34072"
    ],
    "296": [
        "3390",
        "7255",
        "8433",
        "10867",
        "30366"
    ],
    "297": [
        "7255",
        "8433"
    ],
    "298": [
        "18762",
        "37964",
        "39524",
        "44657",
        "44887"
    ],
    "299": [
        "7255",
        "17064",
        "21478",
        "37964"
    ],
    "300": [
        "3390",
        "26817",
        "34072",
        "42131"
    ]
}