{
    "1": {
        "nearest_N": [
            151,
            25,
            35,
            40,
            10
        ]
    },
    "2": {
        "nearest_N": [
            6,
            124,
            194,
            227,
            34
        ]
    },
    "3": {
        "nearest_N": [
            62,
            105,
            112,
            116,
            25
        ]
    },
    "4": {
        "nearest_N": [
            10,
            91,
            141,
            142,
            165
        ]
    },
    "5": {
        "nearest_N": [
            260,
            147,
            207,
            278,
            6
        ]
    },
    "6": {
        "nearest_N": [
            36,
            173,
            211,
            247,
            2
        ]
    },
    "7": {
        "nearest_N": [
            105,
            141,
            145,
            10,
            11
        ]
    },
    "8": {
        "nearest_N": [
            70,
            225,
            298,
            34,
            39
        ]
    },
    "9": {
        "nearest_N": [
            56,
            157,
            286,
            168,
            225
        ]
    },
    "10": {
        "nearest_N": [
            35,
            73,
            132,
            145,
            300
        ]
    },
    "11": {
        "nearest_N": [
            141,
            12,
            154,
            7,
            105
        ]
    },
    "12": {
        "nearest_N": [
            11,
            280,
            38,
            7,
            33
        ]
    },
    "13": {
        "nearest_N": [
            273,
            148,
            154,
            177,
            223
        ]
    },
    "14": {
        "nearest_N": [
            34,
            226,
            141,
            187,
            263
        ]
    },
    "15": {
        "nearest_N": [
            113,
            155,
            182,
            207,
            249
        ]
    },
    "16": {
        "nearest_N": [
            92,
            155,
            80,
            108,
            105
        ]
    },
    "17": {
        "nearest_N": [
            109,
            51,
            176,
            185,
            197
        ]
    },
    "18": {
        "nearest_N": [
            103,
            109,
            3,
            105,
            112
        ]
    },
    "19": {
        "nearest_N": [
            108,
            27,
            42,
            45,
            72
        ]
    },
    "20": {
        "nearest_N": [
            264,
            300,
            10,
            60,
            91
        ]
    },
    "21": {
        "nearest_N": [
            91,
            146,
            238,
            263,
            298
        ]
    },
    "22": {
        "nearest_N": [
            7,
            105,
            141,
            249,
            261
        ]
    },
    "23": {
        "nearest_N": [
            293,
            201,
            250,
            90,
            128
        ]
    },
    "24": {
        "nearest_N": [
            157,
            163,
            300,
            10,
            54
        ]
    },
    "25": {
        "nearest_N": [
            105,
            207,
            30,
            132,
            133
        ]
    },
    "26": {
        "nearest_N": [
            253,
            9,
            30,
            118,
            168
        ]
    },
    "27": {
        "nearest_N": [
            105,
            216,
            6,
            30,
            145
        ]
    },
    "28": {
        "nearest_N": [
            196,
            275,
            35,
            80,
            88
        ]
    },
    "29": {
        "nearest_N": [
            176,
            265,
            35,
            109,
            195
        ]
    },
    "30": {
        "nearest_N": [
            105,
            180,
            6,
            25,
            133
        ]
    },
    "31": {
        "nearest_N": [
            42,
            110,
            161,
            263,
            35
        ]
    },
    "32": {
        "nearest_N": [
            37,
            256,
            269,
            8,
            56
        ]
    },
    "33": {
        "nearest_N": [
            10,
            105,
            174,
            280,
            12
        ]
    },
    "34": {
        "nearest_N": [
            225,
            14,
            54,
            105,
            124
        ]
    },
    "35": {
        "nearest_N": [
            10,
            110,
            117,
            73,
            132
        ]
    },
    "36": {
        "nearest_N": [
            6,
            227,
            173,
            211,
            225
        ]
    },
    "37": {
        "nearest_N": [
            256,
            289,
            34,
            172,
            241
        ]
    },
    "38": {
        "nearest_N": [
            280,
            105,
            106,
            180,
            12
        ]
    },
    "39": {
        "nearest_N": [
            109,
            60,
            105,
            141,
            176
        ]
    },
    "40": {
        "nearest_N": [
            1,
            151,
            67,
            145,
            209
        ]
    },
    "41": {
        "nearest_N": [
            271,
            39,
            153,
            194,
            36
        ]
    },
    "42": {
        "nearest_N": [
            109,
            145,
            225,
            56,
            62
        ]
    },
    "43": {
        "nearest_N": [
            297,
            151,
            261,
            296,
            34
        ]
    },
    "44": {
        "nearest_N": [
            247,
            52,
            60,
            72,
            155
        ]
    },
    "45": {
        "nearest_N": [
            120,
            19,
            288,
            36,
            108
        ]
    },
    "46": {
        "nearest_N": [
            108,
            3,
            55,
            62,
            91
        ]
    },
    "47": {
        "nearest_N": [
            72,
            184,
            108,
            122,
            209
        ]
    },
    "48": {
        "nearest_N": [
            260,
            62,
            141,
            161,
            294
        ]
    },
    "49": {
        "nearest_N": [
            75,
            125,
            296,
            67,
            103
        ]
    },
    "50": {
        "nearest_N": [
            181,
            68,
            137,
            285,
            198
        ]
    },
    "51": {
        "nearest_N": [
            109,
            178,
            17,
            102,
            155
        ]
    },
    "52": {
        "nearest_N": [
            247,
            60,
            128,
            155,
            6
        ]
    },
    "53": {
        "nearest_N": [
            253,
            20,
            38,
            168,
            177
        ]
    },
    "54": {
        "nearest_N": [
            34,
            197,
            73,
            109,
            145
        ]
    },
    "55": {
        "nearest_N": [
            6,
            46,
            190,
            219,
            267
        ]
    },
    "56": {
        "nearest_N": [
            9,
            98,
            133,
            225,
            256
        ]
    },
    "57": {
        "nearest_N": [
            145,
            42,
            72,
            74,
            130
        ]
    },
    "58": {
        "nearest_N": [
            83,
            103,
            108,
            109,
            123
        ]
    },
    "59": {
        "nearest_N": [
            262,
            123,
            129,
            133,
            230
        ]
    },
    "60": {
        "nearest_N": [
            6,
            39,
            133,
            177,
            247
        ]
    },
    "61": {
        "nearest_N": [
            136,
            291,
            148,
            292,
            299
        ]
    },
    "62": {
        "nearest_N": [
            109,
            133,
            3,
            42,
            56
        ]
    },
    "63": {
        "nearest_N": [
            144,
            2,
            8,
            116,
            124
        ]
    },
    "64": {
        "nearest_N": [
            9,
            108,
            168,
            95,
            150
        ]
    },
    "65": {
        "nearest_N": [
            162,
            206,
            249,
            39,
            41
        ]
    },
    "66": {
        "nearest_N": [
            236,
            38,
            123,
            154,
            173
        ]
    },
    "67": {
        "nearest_N": [
            151,
            145,
            300,
            10,
            142
        ]
    },
    "68": {
        "nearest_N": [
            141,
            218,
            224,
            265,
            6
        ]
    },
    "69": {
        "nearest_N": [
            60,
            177,
            56,
            82,
            107
        ]
    },
    "70": {
        "nearest_N": [
            225,
            8,
            34,
            101,
            133
        ]
    },
    "71": {
        "nearest_N": [
            30,
            98,
            56,
            76,
            143
        ]
    },
    "72": {
        "nearest_N": [
            83,
            108,
            47,
            184,
            278
        ]
    },
    "73": {
        "nearest_N": [
            10,
            160,
            35,
            132,
            145
        ]
    },
    "74": {
        "nearest_N": [
            70,
            225,
            8,
            42,
            57
        ]
    },
    "75": {
        "nearest_N": [
            49,
            80,
            300,
            10,
            17
        ]
    },
    "76": {
        "nearest_N": [
            6,
            30,
            36,
            133,
            167
        ]
    },
    "77": {
        "nearest_N": [
            81,
            176,
            271,
            109,
            123
        ]
    },
    "78": {
        "nearest_N": [
            35,
            121,
            173,
            10,
            42
        ]
    },
    "79": {
        "nearest_N": [
            195,
            141,
            174,
            176,
            286
        ]
    },
    "80": {
        "nearest_N": [
            16,
            75,
            92,
            105,
            155
        ]
    },
    "81": {
        "nearest_N": [
            176,
            77,
            109,
            170,
            177
        ]
    },
    "82": {
        "nearest_N": [
            163,
            286,
            133,
            24,
            56
        ]
    },
    "83": {
        "nearest_N": [
            72,
            58,
            108,
            121,
            7
        ]
    },
    "84": {
        "nearest_N": [
            222,
            12,
            122,
            126,
            255
        ]
    },
    "85": {
        "nearest_N": [
            140,
            142,
            34,
            67,
            87
        ]
    },
    "86": {
        "nearest_N": [
            267,
            68,
            89,
            219,
            5
        ]
    },
    "87": {
        "nearest_N": [
            109,
            138,
            170,
            172,
            183
        ]
    },
    "88": {
        "nearest_N": [
            128,
            157,
            286,
            22,
            28
        ]
    },
    "89": {
        "nearest_N": [
            267,
            108,
            190,
            11,
            19
        ]
    },
    "90": {
        "nearest_N": [
            234,
            235,
            239,
            46,
            98
        ]
    },
    "91": {
        "nearest_N": [
            253,
            232,
            150,
            4,
            6
        ]
    },
    "92": {
        "nearest_N": [
            16,
            42,
            105,
            155,
            249
        ]
    },
    "93": {
        "nearest_N": [
            263,
            273,
            148,
            250,
            261
        ]
    },
    "94": {
        "nearest_N": [
            187,
            194,
            240,
            34,
            108
        ]
    },
    "95": {
        "nearest_N": [
            157,
            9,
            167,
            24,
            64
        ]
    },
    "96": {
        "nearest_N": [
            190,
            1,
            47,
            64,
            106
        ]
    },
    "97": {
        "nearest_N": [
            211,
            163,
            194,
            281,
            6
        ]
    },
    "98": {
        "nearest_N": [
            56,
            256,
            299,
            282,
            6
        ]
    },
    "99": {
        "nearest_N": [
            103,
            175,
            213,
            270,
            77
        ]
    },
    "100": {
        "nearest_N": [
            48,
            83,
            3,
            189,
            196
        ]
    },
    "101": {
        "nearest_N": [
            70,
            159,
            279,
            5,
            33
        ]
    },
    "102": {
        "nearest_N": [
            51,
            25,
            178,
            1,
            3
        ]
    },
    "103": {
        "nearest_N": [
            297,
            58,
            109,
            123,
            172
        ]
    },
    "104": {
        "nearest_N": [
            90,
            160,
            235,
            210,
            252
        ]
    },
    "105": {
        "nearest_N": [
            7,
            141,
            194,
            249,
            280
        ]
    },
    "106": {
        "nearest_N": [
            38,
            105,
            216,
            280,
            34
        ]
    },
    "107": {
        "nearest_N": [
            220,
            229,
            9,
            39,
            168
        ]
    },
    "108": {
        "nearest_N": [
            72,
            155,
            16,
            46,
            58
        ]
    },
    "109": {
        "nearest_N": [
            176,
            197,
            39,
            17,
            42
        ]
    },
    "110": {
        "nearest_N": [
            128,
            199,
            35,
            132,
            145
        ]
    },
    "111": {
        "nearest_N": [
            261,
            20,
            73,
            103,
            148
        ]
    },
    "112": {
        "nearest_N": [
            109,
            3,
            42,
            62,
            151
        ]
    },
    "113": {
        "nearest_N": [
            15,
            249,
            30,
            287,
            7
        ]
    },
    "114": {
        "nearest_N": [
            94,
            106,
            134,
            166,
            179
        ]
    },
    "115": {
        "nearest_N": [
            224,
            271,
            277,
            17,
            68
        ]
    },
    "116": {
        "nearest_N": [
            3,
            105,
            176,
            194,
            294
        ]
    },
    "117": {
        "nearest_N": [
            35,
            110,
            201,
            259,
            1
        ]
    },
    "118": {
        "nearest_N": [
            298,
            20,
            247,
            264,
            26
        ]
    },
    "119": {
        "nearest_N": [
            298,
            70,
            164,
            209,
            211
        ]
    },
    "120": {
        "nearest_N": [
            45,
            220,
            41,
            145,
            153
        ]
    },
    "121": {
        "nearest_N": [
            83,
            5,
            42,
            62,
            78
        ]
    },
    "122": {
        "nearest_N": [
            8,
            11,
            47,
            169,
            238
        ]
    },
    "123": {
        "nearest_N": [
            58,
            103,
            109,
            154,
            159
        ]
    },
    "124": {
        "nearest_N": [
            34,
            2,
            194,
            229,
            132
        ]
    },
    "125": {
        "nearest_N": [
            49,
            136,
            153,
            300,
            10
        ]
    },
    "126": {
        "nearest_N": [
            197,
            199,
            34,
            39,
            109
        ]
    },
    "127": {
        "nearest_N": [
            190,
            52,
            60,
            25,
            44
        ]
    },
    "128": {
        "nearest_N": [
            110,
            133,
            145,
            201,
            230
        ]
    },
    "129": {
        "nearest_N": [
            60,
            59,
            88,
            133,
            136
        ]
    },
    "130": {
        "nearest_N": [
            6,
            20,
            36,
            70,
            133
        ]
    },
    "131": {
        "nearest_N": [
            260,
            1,
            110,
            117,
            246
        ]
    },
    "132": {
        "nearest_N": [
            194,
            10,
            105,
            110,
            141
        ]
    },
    "133": {
        "nearest_N": [
            56,
            60,
            62,
            105,
            128
        ]
    },
    "134": {
        "nearest_N": [
            70,
            126,
            164,
            255,
            297
        ]
    },
    "135": {
        "nearest_N": [
            226,
            141,
            263,
            39,
            109
        ]
    },
    "136": {
        "nearest_N": [
            61,
            194,
            6,
            132,
            133
        ]
    },
    "137": {
        "nearest_N": [
            2,
            43,
            50,
            60,
            62
        ]
    },
    "138": {
        "nearest_N": [
            206,
            109,
            183,
            214,
            51
        ]
    },
    "139": {
        "nearest_N": [
            11,
            94,
            141,
            155,
            194
        ]
    },
    "140": {
        "nearest_N": [
            94,
            281,
            38,
            85,
            152
        ]
    },
    "141": {
        "nearest_N": [
            7,
            11,
            105,
            194,
            6
        ]
    },
    "142": {
        "nearest_N": [
            42,
            188,
            4,
            6,
            36
        ]
    },
    "143": {
        "nearest_N": [
            30,
            25,
            132,
            158,
            219
        ]
    },
    "144": {
        "nearest_N": [
            63,
            156,
            286,
            201,
            237
        ]
    },
    "145": {
        "nearest_N": [
            7,
            10,
            42,
            105,
            110
        ]
    },
    "146": {
        "nearest_N": [
            105,
            21,
            25,
            35,
            73
        ]
    },
    "147": {
        "nearest_N": [
            219,
            5,
            207,
            278,
            6
        ]
    },
    "148": {
        "nearest_N": [
            93,
            261,
            263,
            273,
            6
        ]
    },
    "149": {
        "nearest_N": [
            219,
            171,
            270,
            37,
            126
        ]
    },
    "150": {
        "nearest_N": [
            91,
            110,
            128,
            273,
            288
        ]
    },
    "151": {
        "nearest_N": [
            67,
            1,
            43,
            112,
            34
        ]
    },
    "152": {
        "nearest_N": [
            187,
            94,
            194,
            197,
            240
        ]
    },
    "153": {
        "nearest_N": [
            194,
            41,
            132,
            133,
            145
        ]
    },
    "154": {
        "nearest_N": [
            11,
            141,
            34,
            109,
            123
        ]
    },
    "155": {
        "nearest_N": [
            16,
            108,
            145,
            247,
            11
        ]
    },
    "156": {
        "nearest_N": [
            201,
            58,
            108,
            144,
            167
        ]
    },
    "157": {
        "nearest_N": [
            95,
            9,
            24,
            286,
            296
        ]
    },
    "158": {
        "nearest_N": [
            3,
            60,
            105,
            146,
            194
        ]
    },
    "159": {
        "nearest_N": [
            101,
            123,
            279,
            42,
            51
        ]
    },
    "160": {
        "nearest_N": [
            73,
            237,
            7,
            10,
            11
        ]
    },
    "161": {
        "nearest_N": [
            42,
            62,
            263,
            31,
            35
        ]
    },
    "162": {
        "nearest_N": [
            65,
            166,
            136,
            209,
            295
        ]
    },
    "163": {
        "nearest_N": [
            10,
            24,
            82,
            248,
            6
        ]
    },
    "164": {
        "nearest_N": [
            225,
            295,
            93,
            119,
            130
        ]
    },
    "165": {
        "nearest_N": [
            4,
            25,
            260,
            1,
            43
        ]
    },
    "166": {
        "nearest_N": [
            61,
            136,
            162,
            269,
            299
        ]
    },
    "167": {
        "nearest_N": [
            168,
            263,
            133,
            136,
            250
        ]
    },
    "168": {
        "nearest_N": [
            167,
            105,
            141,
            176,
            194
        ]
    },
    "169": {
        "nearest_N": [
            16,
            58,
            108,
            122,
            27
        ]
    },
    "170": {
        "nearest_N": [
            176,
            34,
            58,
            109,
            154
        ]
    },
    "171": {
        "nearest_N": [
            10,
            149,
            133,
            204,
            3
        ]
    },
    "172": {
        "nearest_N": [
            34,
            37,
            103,
            109,
            154
        ]
    },
    "173": {
        "nearest_N": [
            6,
            141,
            227,
            36,
            109
        ]
    },
    "174": {
        "nearest_N": [
            11,
            33,
            141,
            9,
            70
        ]
    },
    "175": {
        "nearest_N": [
            99,
            260,
            17,
            270,
            296
        ]
    },
    "176": {
        "nearest_N": [
            109,
            197,
            39,
            168,
            170
        ]
    },
    "177": {
        "nearest_N": [
            60,
            6,
            34,
            39,
            168
        ]
    },
    "178": {
        "nearest_N": [
            51,
            102,
            105,
            146,
            155
        ]
    },
    "179": {
        "nearest_N": [
            8,
            60,
            62,
            94,
            106
        ]
    },
    "180": {
        "nearest_N": [
            30,
            38,
            62,
            105,
            280
        ]
    },
    "181": {
        "nearest_N": [
            7,
            50,
            56,
            60,
            68
        ]
    },
    "182": {
        "nearest_N": [
            15,
            27,
            113,
            128,
            149
        ]
    },
    "183": {
        "nearest_N": [
            239,
            138,
            188,
            21,
            39
        ]
    },
    "184": {
        "nearest_N": [
            209,
            47,
            72,
            70,
            11
        ]
    },
    "185": {
        "nearest_N": [
            10,
            17,
            289,
            37,
            38
        ]
    },
    "186": {
        "nearest_N": [
            56,
            157,
            6,
            9,
            36
        ]
    },
    "187": {
        "nearest_N": [
            152,
            14,
            94,
            240,
            34
        ]
    },
    "188": {
        "nearest_N": [
            128,
            142,
            58,
            108,
            133
        ]
    },
    "189": {
        "nearest_N": [
            196,
            100,
            56,
            92,
            155
        ]
    },
    "190": {
        "nearest_N": [
            127,
            219,
            267,
            27,
            55
        ]
    },
    "191": {
        "nearest_N": [
            11,
            56,
            249,
            280,
            9
        ]
    },
    "192": {
        "nearest_N": [
            69,
            34,
            114,
            148,
            164
        ]
    },
    "193": {
        "nearest_N": [
            246,
            153,
            250,
            23,
            51
        ]
    },
    "194": {
        "nearest_N": [
            132,
            105,
            141,
            6,
            34
        ]
    },
    "195": {
        "nearest_N": [
            79,
            176,
            39,
            109,
            132
        ]
    },
    "196": {
        "nearest_N": [
            249,
            275,
            28,
            269,
            92
        ]
    },
    "197": {
        "nearest_N": [
            109,
            176,
            34,
            39,
            126
        ]
    },
    "198": {
        "nearest_N": [
            133,
            3,
            60,
            105,
            116
        ]
    },
    "199": {
        "nearest_N": [
            110,
            34,
            126,
            132,
            225
        ]
    },
    "200": {
        "nearest_N": [
            17,
            146,
            21,
            39,
            103
        ]
    },
    "201": {
        "nearest_N": [
            110,
            128,
            156,
            35,
            108
        ]
    },
    "202": {
        "nearest_N": [
            263,
            35,
            73,
            126,
            132
        ]
    },
    "203": {
        "nearest_N": [
            110,
            117,
            199,
            243,
            246
        ]
    },
    "204": {
        "nearest_N": [
            171,
            270,
            282,
            97,
            132
        ]
    },
    "205": {
        "nearest_N": [
            271,
            38,
            58,
            77,
            109
        ]
    },
    "206": {
        "nearest_N": [
            138,
            249,
            286,
            58,
            65
        ]
    },
    "207": {
        "nearest_N": [
            25,
            5,
            147,
            199,
            6
        ]
    },
    "208": {
        "nearest_N": [
            266,
            295,
            43,
            60,
            62
        ]
    },
    "209": {
        "nearest_N": [
            184,
            6,
            34,
            70,
            145
        ]
    },
    "210": {
        "nearest_N": [
            38,
            39,
            7,
            105,
            141
        ]
    },
    "211": {
        "nearest_N": [
            6,
            36,
            97,
            173,
            209
        ]
    },
    "212": {
        "nearest_N": [
            139,
            94,
            222,
            15,
            44
        ]
    },
    "213": {
        "nearest_N": [
            291,
            103,
            292,
            54,
            62
        ]
    },
    "214": {
        "nearest_N": [
            138,
            65,
            88,
            206,
            51
        ]
    },
    "215": {
        "nearest_N": [
            67,
            145,
            254,
            10,
            75
        ]
    },
    "216": {
        "nearest_N": [
            145,
            267,
            269,
            292,
            297
        ]
    },
    "217": {
        "nearest_N": [
            194,
            240,
            262,
            271,
            9
        ]
    },
    "218": {
        "nearest_N": [
            68,
            232,
            141,
            224,
            285
        ]
    },
    "219": {
        "nearest_N": [
            147,
            149,
            278,
            6,
            126
        ]
    },
    "220": {
        "nearest_N": [
            145,
            107,
            110,
            128,
            229
        ]
    },
    "221": {
        "nearest_N": [
            106,
            258,
            48,
            209,
            245
        ]
    },
    "222": {
        "nearest_N": [
            11,
            126,
            132,
            139,
            47
        ]
    },
    "223": {
        "nearest_N": [
            60,
            93,
            194,
            238,
            263
        ]
    },
    "224": {
        "nearest_N": [
            297,
            7,
            68,
            141,
            244
        ]
    },
    "225": {
        "nearest_N": [
            34,
            70,
            8,
            42,
            56
        ]
    },
    "226": {
        "nearest_N": [
            14,
            135,
            141,
            34,
            133
        ]
    },
    "227": {
        "nearest_N": [
            6,
            36,
            173,
            225,
            2
        ]
    },
    "228": {
        "nearest_N": [
            11,
            56,
            141,
            174,
            9
        ]
    },
    "229": {
        "nearest_N": [
            60,
            107,
            124,
            199,
            220
        ]
    },
    "230": {
        "nearest_N": [
            128,
            39,
            109,
            133,
            10
        ]
    },
    "231": {
        "nearest_N": [
            226,
            241,
            250,
            56,
            62
        ]
    },
    "232": {
        "nearest_N": [
            91,
            141,
            253,
            6,
            30
        ]
    },
    "233": {
        "nearest_N": [
            7,
            66,
            83,
            168,
            173
        ]
    },
    "234": {
        "nearest_N": [
            39,
            90,
            94,
            135,
            161
        ]
    },
    "235": {
        "nearest_N": [
            11,
            47,
            60,
            72,
            90
        ]
    },
    "236": {
        "nearest_N": [
            66,
            231,
            241,
            284,
            62
        ]
    },
    "237": {
        "nearest_N": [
            73,
            132,
            160,
            194,
            202
        ]
    },
    "238": {
        "nearest_N": [
            10,
            20,
            21,
            39,
            122
        ]
    },
    "239": {
        "nearest_N": [
            133,
            183,
            39,
            58,
            108
        ]
    },
    "240": {
        "nearest_N": [
            94,
            187,
            194,
            108,
            132
        ]
    },
    "241": {
        "nearest_N": [
            141,
            37,
            133,
            231,
            232
        ]
    },
    "242": {
        "nearest_N": [
            42,
            150,
            27,
            45,
            92
        ]
    },
    "243": {
        "nearest_N": [
            199,
            126,
            159,
            47,
            51
        ]
    },
    "244": {
        "nearest_N": [
            224,
            67,
            219,
            292,
            297
        ]
    },
    "245": {
        "nearest_N": [
            168,
            292,
            7,
            141,
            224
        ]
    },
    "246": {
        "nearest_N": [
            128,
            230,
            290,
            51,
            52
        ]
    },
    "247": {
        "nearest_N": [
            6,
            52,
            60,
            105,
            141
        ]
    },
    "248": {
        "nearest_N": [
            163,
            230,
            10,
            128,
            171
        ]
    },
    "249": {
        "nearest_N": [
            105,
            206,
            287,
            7,
            11
        ]
    },
    "250": {
        "nearest_N": [
            93,
            263,
            30,
            133,
            167
        ]
    },
    "251": {
        "nearest_N": [
            5,
            207,
            48,
            121,
            260
        ]
    },
    "252": {
        "nearest_N": [
            6,
            5,
            60,
            91,
            278
        ]
    },
    "253": {
        "nearest_N": [
            91,
            232,
            281,
            6,
            30
        ]
    },
    "254": {
        "nearest_N": [
            155,
            215,
            35,
            247,
            260
        ]
    },
    "255": {
        "nearest_N": [
            134,
            106,
            113,
            182,
            249
        ]
    },
    "256": {
        "nearest_N": [
            37,
            56,
            9,
            34,
            98
        ]
    },
    "257": {
        "nearest_N": [
            2,
            124,
            137,
            179,
            229
        ]
    },
    "258": {
        "nearest_N": [
            221,
            222,
            139,
            245,
            7
        ]
    },
    "259": {
        "nearest_N": [
            34,
            35,
            73,
            109,
            132
        ]
    },
    "260": {
        "nearest_N": [
            5,
            25,
            48,
            132,
            247
        ]
    },
    "261": {
        "nearest_N": [
            148,
            292,
            297,
            299,
            43
        ]
    },
    "262": {
        "nearest_N": [
            59,
            217,
            146,
            21,
            159
        ]
    },
    "263": {
        "nearest_N": [
            93,
            148,
            167,
            168,
            250
        ]
    },
    "264": {
        "nearest_N": [
            272,
            20,
            209,
            8,
            60
        ]
    },
    "265": {
        "nearest_N": [
            68,
            6,
            29,
            39,
            73
        ]
    },
    "266": {
        "nearest_N": [
            178,
            283,
            161,
            208,
            215
        ]
    },
    "267": {
        "nearest_N": [
            141,
            216,
            89,
            108,
            145
        ]
    },
    "268": {
        "nearest_N": [
            22,
            58,
            206,
            273,
            291
        ]
    },
    "269": {
        "nearest_N": [
            216,
            39,
            145,
            211,
            8
        ]
    },
    "270": {
        "nearest_N": [
            149,
            132,
            204,
            219,
            10
        ]
    },
    "271": {
        "nearest_N": [
            41,
            194,
            39,
            77,
            109
        ]
    },
    "272": {
        "nearest_N": [
            264,
            20,
            8,
            63,
            91
        ]
    },
    "273": {
        "nearest_N": [
            93,
            148,
            150,
            261,
            263
        ]
    },
    "274": {
        "nearest_N": [
            93,
            136,
            167,
            168,
            177
        ]
    },
    "275": {
        "nearest_N": [
            110,
            196,
            249,
            28,
            269
        ]
    },
    "276": {
        "nearest_N": [
            199,
            132,
            10,
            54,
            110
        ]
    },
    "277": {
        "nearest_N": [
            138,
            17,
            115,
            97,
            109
        ]
    },
    "278": {
        "nearest_N": [
            219,
            5,
            10,
            72,
            147
        ]
    },
    "279": {
        "nearest_N": [
            9,
            101,
            159,
            17,
            42
        ]
    },
    "280": {
        "nearest_N": [
            38,
            105,
            12,
            39,
            109
        ]
    },
    "281": {
        "nearest_N": [
            194,
            216,
            253,
            6,
            38
        ]
    },
    "282": {
        "nearest_N": [
            61,
            98,
            133,
            136,
            204
        ]
    },
    "283": {
        "nearest_N": [
            288,
            58,
            120,
            123,
            266
        ]
    },
    "284": {
        "nearest_N": [
            56,
            154,
            11,
            42,
            62
        ]
    },
    "285": {
        "nearest_N": [
            7,
            43,
            50,
            68,
            105
        ]
    },
    "286": {
        "nearest_N": [
            9,
            168,
            206,
            292,
            299
        ]
    },
    "287": {
        "nearest_N": [
            105,
            199,
            249,
            25,
            34
        ]
    },
    "288": {
        "nearest_N": [
            150,
            108,
            283,
            45,
            94
        ]
    },
    "289": {
        "nearest_N": [
            37,
            185,
            34,
            38,
            39
        ]
    },
    "290": {
        "nearest_N": [
            246,
            136,
            230,
            247,
            260
        ]
    },
    "291": {
        "nearest_N": [
            61,
            292,
            194,
            213,
            6
        ]
    },
    "292": {
        "nearest_N": [
            297,
            299,
            105,
            141,
            194
        ]
    },
    "293": {
        "nearest_N": [
            267,
            23,
            145,
            201,
            7
        ]
    },
    "294": {
        "nearest_N": [
            105,
            116,
            194,
            25,
            39
        ]
    },
    "295": {
        "nearest_N": [
            197,
            39,
            109,
            164,
            60
        ]
    },
    "296": {
        "nearest_N": [
            297,
            43,
            157,
            9,
            34
        ]
    },
    "297": {
        "nearest_N": [
            103,
            292,
            43,
            105,
            141
        ]
    },
    "298": {
        "nearest_N": [
            225,
            8,
            14,
            119,
            141
        ]
    },
    "299": {
        "nearest_N": [
            292,
            261,
            286,
            37,
            61
        ]
    },
    "300": {
        "nearest_N": [
            10,
            6,
            20,
            34,
            67
        ]
    }
}